{
  "loss": 0.00022293778602033854,
  "val_loss": 0.0006711886962875724,
  "epoch": 13,
  "global_step": 1204
}