{
  "loss": 0.003921177703887224,
  "val_loss": 0.0009503071778453887,
  "epoch": 0,
  "global_step": 935
}