{
  "loss": 0.00040988571709021926,
  "val_loss": 0.0005512500065378845,
  "epoch": 14,
  "global_step": 1290
}