{
  "loss": 0.0010857094312086701,
  "val_loss": 3.7087927921675146e-05,
  "epoch": 14,
  "global_step": 345
}