{
  "loss": 3.260354060330428e-05,
  "val_loss": 0.0008730009431019425,
  "epoch": 14,
  "global_step": 1290
}