{
  "loss": 0.0007426527445204556,
  "val_loss": 0.0004211183695588261,
  "epoch": 8,
  "global_step": 8415
}