{
  "loss": 0.0003223505918867886,
  "val_loss": 0.00026016379706561565,
  "epoch": 13,
  "global_step": 1204
}