{
  "loss": 0.0003381101705599576,
  "val_loss": 0.0003913672990165651,
  "epoch": 13,
  "global_step": 1204
}