{
  "loss": 0.0005013411864638329,
  "val_loss": 8.332742436323315e-05,
  "epoch": 13,
  "global_step": 1204
}