{
  "loss": 0.005986543372273445,
  "val_loss": 0.0013133293250575662,
  "epoch": 0,
  "global_step": 480
}