{
  "loss": 0.001620028866454959,
  "val_loss": 0.00039271058631129563,
  "epoch": 14,
  "global_step": 345
}