{
  "loss": 0.00019473831343930215,
  "val_loss": 0.0003597164177335799,
  "epoch": 13,
  "global_step": 1204
}