{
  "loss": 0.0002546488249208778,
  "val_loss": 5.312976645654999e-05,
  "epoch": 14,
  "global_step": 255
}