{
  "loss": 0.00014898293011356145,
  "val_loss": 0.00024005546583794057,
  "epoch": 14,
  "global_step": 1290
}