{
  "loss": 0.00034320674603804946,
  "val_loss": 0.000604522239882499,
  "epoch": 13,
  "global_step": 1204
}