{
  "loss": 0.00015237933257594705,
  "val_loss": 0.0005772029981017113,
  "epoch": 12,
  "global_step": 1118
}