{
  "loss": 0.0007674629450775683,
  "val_loss": 0.0003075595013797283,
  "epoch": 18,
  "global_step": 17765
}